{
  "scores": {
    "accuracy": 0.9995,
    "precision": 0.9996,
    "recall": 0.9996,
    "f1_score": 0.9996,
    "specificity": 0.9994,
    "mcc": 0.999,
    "kappa": 0.999,
    "log_loss": 0.0026,
    "roc_auc": 1.0,
    "avg_precision": 1.0
  },
  "confusion_matrix": [
    [
      1612,
      1
    ],
    [
      1,
      2655
    ]
  ],
  "roc_curve": {
    "fpr": [
      0.0,
      0.0,
      0.0,
      0.0,
      0.0,
      0.0,
      0.0,
      0.0,
      0.0,
      0.0,
      0.0,
      0.0,
      0.0,
      0.0,
      0.0,
      0.0,
      0.0,
      0.0,
      0.0,
      0.0,
      0.0,
      0.0,
      0.0,
      0.0,
      0.0,
      0.0,
      0.0,
      0.0,
      0.0,
      0.0,
      0.0,
      0.0,
      0.0,
      0.0,
      0.0,
      0.0,
      0.0,
      0.0,
      0.0,
      0.0,
      0.0,
      0.0,
      0.0,
      0.0,
      0.0,
      0.0,
      0.0,
      0.0,
      0.0,
      0.0,
      0.0,
      0.0,
      0.0,
      0.0,
      0.0,
      0.0,
      0.0,
      0.0,
      0.0,
      0.0,
      0.0,
      0.0,
      0.0,
      0.0,
      0.0,
      0.0,
      0.0,
      0.0,
      0.0,
      0.0,
      0.0,
      0.0,
      0.0,
      0.0,
      0.0,
      0.0,
      0.0,
      0.0,
      0.0,
      0.0,
      0.0,
      0.0,
      0.0,
      0.0,
      0.0,
      0.0,
      0.0,
      0.0,
      0.0,
      0.0,
      0.0,
      0.0,
      0.0,
      0.0,
      0.0,
      0.0,
      0.0,
      0.0,
      0.0,
      0.0,
      0.0,
      0.0,
      0.0,
      0.0,
      0.0,
      0.0,
      0.20210787352758836
    ],
    "tpr": [
      0.0,
      0.008283132530120483,
      0.01430722891566265,
      0.02296686746987952,
      0.03162650602409638,
      0.04141566265060241,
      0.050451807228915665,
      0.06061746987951807,
      0.06588855421686747,
      0.07379518072289157,
      0.08094879518072289,
      0.0884789156626506,
      0.09676204819277108,
      0.10391566265060241,
      0.11069277108433735,
      0.11671686746987951,
      0.1223644578313253,
      0.12951807228915663,
      0.13629518072289157,
      0.14646084337349397,
      0.15625,
      0.16415662650602408,
      0.17243975903614459,
      0.17921686746987953,
      0.18373493975903615,
      0.18938253012048192,
      0.19465361445783133,
      0.20218373493975902,
      0.21009036144578314,
      0.21799698795180722,
      0.22289156626506024,
      0.22816265060240964,
      0.23644578313253012,
      0.24548192771084337,
      0.25301204819277107,
      0.26129518072289154,
      0.2688253012048193,
      0.276355421686747,
      0.28275602409638556,
      0.2891566265060241,
      0.29668674698795183,
      0.3053463855421687,
      0.3121234939759036,
      0.3200301204819277,
      0.32906626506024095,
      0.3362198795180723,
      0.34262048192771083,
      0.3501506024096386,
      0.35768072289156627,
      0.36596385542168675,
      0.37387048192771083,
      0.3810240963855422,
      0.38968373493975905,
      0.39646084337349397,
      0.40512048192771083,
      0.4134036144578313,
      0.4182981927710843,
      0.4246987951807229,
      0.43335843373493976,
      0.4442771084337349,
      0.4510542168674699,
      0.4567018072289157,
      0.4627259036144578,
      0.47025602409638556,
      0.4807981927710843,
      0.48606927710843373,
      0.4924698795180723,
      0.49887048192771083,
      0.5033885542168675,
      0.514683734939759,
      0.5271084337349398,
      0.5342620481927711,
      0.5414156626506024,
      0.5485692771084337,
      0.5564759036144579,
      0.5613704819277109,
      0.5692771084337349,
      0.577183734939759,
      0.5828313253012049,
      0.5896084337349398,
      0.5975150602409639,
      0.6031626506024096,
      0.6121987951807228,
      0.6178463855421686,
      0.6276355421686747,
      0.6385542168674698,
      0.646460843373494,
      0.65625,
      0.6652861445783133,
      0.6739457831325302,
      0.6814759036144579,
      0.6927710843373494,
      0.6995481927710844,
      0.7078313253012049,
      0.7164909638554217,
      0.7259036144578314,
      0.7326807228915663,
      0.7469879518072289,
      0.7571536144578314,
      0.7673192771084337,
      0.7820030120481928,
      0.8094879518072289,
      0.822289156626506,
      0.8482680722891566,
      0.8629518072289156,
      0.9988704819277109,
      1.0
    ],
    "auc": 1.0
  },
  "pr_curve": {
    "precision": [
      0.622159756383228,
      0.627302786962683,
      0.6325315551321743,
      0.6378482228626321,
      0.6432550254298862,
      0.6487542745481192,
      0.6543483616654349,
      0.6600397614314115,
      0.6658310353472048,
      0.6717248356095094,
      0.6777239091605002,
      0.6838311019567456,
      0.6900493634710314,
      0.6963817514420556,
      0.7028314368880656,
      0.7094017094017094,
      0.7160959827446751,
      0.7229178007621121,
      0.7298708436383622,
      0.7369589345172031,
      0.7441860465116279,
      0.7515563101301641,
      0.7590740211488997,
      0.7669650591972278,
      0.7747957992998833,
      0.7827880931329207,
      0.790946992257296,
      0.7992777610592838,
      0.8077858880778589,
      0.8164770980633261,
      0.8253573648228714,
      0.8344329249136035,
      0.843710292249047,
      0.8531962736909733,
      0.8628979857050032,
      0.872822872165626,
      0.8829787234042553,
      0.8936742934051144,
      0.9046321525885559,
      0.9155463633229921,
      0.9267271458478716,
      0.9381843871423525,
      0.949928469241774,
      0.961970300615719,
      0.9743213499633162,
      0.9869936826458565,
      0.9996234939759037,
      1.0,
      1.0,
      1.0,
      1.0,
      1.0,
      1.0,
      1.0,
      1.0,
      1.0,
      1.0,
      1.0,
      1.0,
      1.0,
      1.0,
      1.0,
      1.0,
      1.0,
      1.0,
      1.0,
      1.0,
      1.0,
      1.0,
      1.0,
      1.0,
      1.0,
      1.0,
      1.0,
      1.0,
      1.0,
      1.0,
      1.0,
      1.0,
      1.0,
      1.0,
      1.0,
      1.0,
      1.0,
      1.0,
      1.0,
      1.0,
      1.0,
      1.0,
      1.0,
      1.0,
      1.0,
      1.0,
      1.0,
      1.0,
      1.0,
      1.0,
      1.0,
      1.0,
      1.0,
      1.0,
      1.0
    ],